{
  "Breydelstraat 16, 2018 Antwerpen": [
    51.2186649,
    4.4191256
  ],
  "Paardenmarkt 117, 2000 Antwerpen": [
    51.2247986,
    4.4141247
  ],
  "Vlasmarkt 22, 2000 Antwerpen": [
    51.2196747,
    4.3973521
  ],
  "Sint-Katelijnevest 46, 2000 Antwerpen": [
    51.2196254,
    4.4050927
  ],
  "Sint-Gummarusstraat 35, 2060 Antwerpen": [
    51.2248866,
    4.4206542
  ],
  "Lange Zavelstraat 40, 2060 Antwerpen": [
    51.2233783,
    4.4272309
  ],
  "Sint-Aldegondiskaai 52, 2000 Antwerpen": [
    51.2278101,
    4.4045772
  ],
  "Kammenstraat 10, 2000 Antwerpen": [
    51.218663,
    4.3999346
  ],
  "Grote Markt 35, 2000 Antwerpen": [
    51.221272, 
    4.4015390
  ],
  "Korte Koepoortstraat 8, 2000 Antwerpen": [
    51.221266,
    4.4023741
  ],
  "Jezusstraat 35, 2000 Antwerpen": [
    51.2195475,
    4.4142933
  ],
  "Sint-Jacobsmarkt 62, 2000 Antwerpen": [
    51.2200702,
    4.4131672
  ],
  "Statiestraat 18, 2018 Antwerpen": [
    51.2180682,
    4.4186503
  ],
  "Sint-Jansplein 55, 2060 Antwerpen": [
    51.2252821,
    4.4166285
  ],
  "Oude Koornmarkt 68, 2000 Antwerpen": [
    51.218929,
    4.4002575
  ]
}